<?xml version="1.0" encoding="UTF-8" ?>
<!DOCTYPE mapper PUBLIC "-//mybatis.org//DTD Mapper 3.0//EN" "http://mybatis.org/dtd/mybatis-3-mapper.dtd" >
<mapper namespace="com.yang.spinach.bussiness.article.dao.ArticleDao">
	<resultMap id="ArticleMap" type="com.yang.spinach.bussiness.article.entity.Article">
		
		<id column="article_id" property="articleId"/>
		<result column="folder_id" property="folderId"/>
		<result column="path" property="path"/>
		<result column="account_id" property="accountId"/>
		<result column="picture" property="picture"/>
		<result column="title" property="title"/>
		<result column="summary" property="summary"/>
		<result column="content" property="content"/>
		<result column="view_count" property="viewCount"/>
		<result column="comment_count" property="commentCount"/>
		<result column="status" property="status"/>
		<result column="check" property="check"/>
		<result column="create_time" property="createTime"/>
		<result column="update_time" property="updateTime"/>
	</resultMap>

	
</mapper>